<?xml version="1.0" encoding="UTF-8"?>
<GenRun Id="Prescaler25_synth_1" LaunchPart="xc7a35tcpg236-1" LaunchTime="1646573834">
  <File Type="PA-TCL" Name="Prescaler25.tcl"/>
  <File Type="REPORTS-TCL" Name="Prescaler25_reports.tcl"/>
  <File Type="RDS-RDS" Name="Prescaler25.vds"/>
  <File Type="RDS-UTIL" Name="Prescaler25_utilization_synth.rpt"/>
  <File Type="RDS-UTIL-PB" Name="Prescaler25_utilization_synth.pb"/>
  <File Type="RDS-DCP" Name="Prescaler25.dcp"/>
  <FileSet Name="sources" Type="BlockSrcs" RelSrcDir="$PSRCDIR/Prescaler25">
    <File Path="$PSRCDIR/sources_1/ip/Prescaler25/Prescaler25.xci">
      <FileInfo>
        <Attr Name="ImportPath" Val="$PPRDIR/../../../../../../../../../../../../Vivado/BESJ-Basys3/GameBesje_POC_GridPrinting/GameBesje.srcs/sources_1/ip/Prescaler25/Prescaler25.xci"/>
        <Attr Name="ImportTime" Val="1646598850"/>
        <Attr Name="UsedIn" Val="synthesis"/>
        <Attr Name="UsedIn" Val="implementation"/>
        <Attr Name="UsedIn" Val="simulation"/>
      </FileInfo>
    </File>
    <Config>
      <Option Name="TopModule" Val="Prescaler25"/>
      <Option Name="UseBlackboxStub" Val="1"/>
    </Config>
  </FileSet>
  <FileSet Name="constrs_in" Type="BlockSrcs" RelSrcDir="$PSRCDIR/Prescaler25">
    <File Path="$PSRCDIR/sources_1/ip/Prescaler25/Prescaler25.xci">
      <FileInfo>
        <Attr Name="ImportPath" Val="$PPRDIR/../../../../../../../../../../../../Vivado/BESJ-Basys3/GameBesje_POC_GridPrinting/GameBesje.srcs/sources_1/ip/Prescaler25/Prescaler25.xci"/>
        <Attr Name="ImportTime" Val="1646598850"/>
        <Attr Name="UsedIn" Val="synthesis"/>
        <Attr Name="UsedIn" Val="implementation"/>
        <Attr Name="UsedIn" Val="simulation"/>
      </FileInfo>
    </File>
    <Config>
      <Option Name="TopModule" Val="Prescaler25"/>
      <Option Name="UseBlackboxStub" Val="1"/>
    </Config>
  </FileSet>
  <FileSet Name="utils" Type="Utils" RelSrcDir="$PSRCDIR/utils_1">
    <Filter Type="Utils"/>
    <Config>
      <Option Name="TopAutoSet" Val="TRUE"/>
    </Config>
  </FileSet>
  <Strategy Version="1" Minor="2">
    <StratHandle Name="Vivado Synthesis Defaults" Flow="Vivado Synthesis 2019"/>
    <Step Id="synth_design"/>
  </Strategy>
</GenRun>
